entry_time,exit_time,direction,qty,entry_price,exit_price,exit_reason,pnl,fee,net_pnl,equity
2024-06-07 20:30:00,2024-06-09 12:00:00,short,24,3676.09,3694.2604038098602,stop_loss,-4.360896914366422,0.7075536387657466,-5.068450553132169,994.9315494468678
2024-06-09 12:30:00,2024-06-09 13:00:00,short,269,3689.01,3704.6,stop_loss,-41.93709999999918,7.95552436,-49.892624359999175,945.0389250868686
2024-06-11 05:30:00,2024-06-12 04:00:00,short,27,3566.22,3525.40704854333,stop_loss,11.019496893300875,0.7658957212426797,10.253601172058195,955.2925262589268
2024-06-12 13:30:00,2024-06-12 18:00:00,long,35,3610.99,3562.954085888116,stop_loss,-16.812569939159335,1.0043521720243362,-17.816922111183672,937.4756041477432
2024-06-12 18:30:00,2024-06-12 19:00:00,long,65,3591.88,3562.954085888116,stop_loss,-18.801844172724692,1.8602568623309104,-20.662101035055603,916.8135031126876
2024-06-13 05:30:00,2024-06-13 12:30:00,short,38,3509.52,3534.82590976588,stop_loss,-9.616245711034471,1.070740578284414,-10.686986289318885,906.1265168233688
2024-06-15 16:30:00,2024-06-17 03:30:00,long,46,3560.74,3580.6781679511164,stop_loss,9.17155725751364,1.3140209429030052,7.857536314610636,913.9840531379795
2024-06-17 04:00:00,2024-06-17 05:30:00,long,255,3582.6,3580.6781679511164,stop_loss,-4.900671724652966,7.306543731310139,-12.207215455963105,901.7768376820163
2024-06-18 02:30:00,2024-06-18 20:30:00,short,21,3428.6,3468.9211683509857,stop_loss,-8.467445353707012,0.5793917781414828,-9.046837131848495,892.7300005501678
2024-06-18 21:00:00,2024-06-18 21:30:00,short,256,3461.87,3468.9211683509857,stop_loss,-18.050990978523625,7.09713015639141,-25.148121134915037,867.5818794152527
2024-06-24 01:30:00,2024-06-24 22:00:00,short,39,3423.99,3351.5099999999998,30m ST Green,28.267200000000006,1.056978,27.210222000000005,894.7921014152528
2024-06-25 15:30:00,2024-06-26 10:00:00,long,25,3420.8,3370.506585595994,stop_loss,-12.5733536010016,0.6791306585595994,-13.252484259561198,881.5396171556915
2024-06-28 04:30:00,2024-06-28 07:30:00,long,101,3446.66,3429.2495628253523,stop_loss,-17.584541546394018,2.777867463381442,-20.36240900977546,861.1772081459161
2024-06-28 08:00:00,2024-06-28 08:30:00,long,250,3431.96,3429.2495628253523,stop_loss,-6.776092936619307,6.861209562825353,-13.63730249944466,847.5399056464714
2024-07-01 06:30:00,2024-07-01 13:30:00,long,49,3485.92,3455.479431572352,stop_loss,-14.915878529547536,1.3605142885881811,-16.27639281813572,831.2635128283357
2024-07-01 14:00:00,2024-07-01 21:30:00,long,240,3460.61,3455.479431572352,stop_loss,-12.313364226355407,6.639445854309459,-18.952810080664868,812.3107027476708
2024-07-01 22:00:00,2024-07-01 22:30:00,long,234,3459.31,3432.39,stop_loss,-62.99280000000017,6.4506312,-69.44343120000018,742.8672715476706
2024-07-03 22:30:00,2024-07-06 16:00:00,short,39,3296.3,3038.8011756457818,stop_loss,100.42454149814519,0.9882757834007421,99.43626571474445,842.303537262415
2024-07-14 10:30:00,2024-07-14 14:30:00,long,50,3208.26,3175.12610924734,stop_loss,-16.566945376330068,1.2766772218494684,-17.843622598179536,824.4599146642355
2024-07-14 15:00:00,2024-07-16 07:30:00,long,97,3192.1,3373.435295206232,stop_loss,175.8952363500449,2.5474276945400183,173.3478086555049,997.8077233197404
2024-07-16 15:30:00,2024-07-17 13:00:00,long,20,3448.0,3440.654560256543,stop_loss,-1.4690879486914128,0.5510923648205235,-2.0201803135119363,995.7875430062285
2024-07-17 13:30:00,2024-07-17 15:30:00,long,274,3448.0,3440.654560256543,stop_loss,-20.126504897072355,7.549965398041172,-27.676470295113525,968.111072711115
2024-07-25 02:30:00,2024-07-25 21:00:00,short,15,3176.6,3195.3391000906286,stop_loss,-2.8108650135942983,0.38231634600543773,-3.193181359599736,964.9178913515152
2024-07-29 11:30:00,2024-07-29 14:00:00,long,43,3386.67,3342.415874772242,stop_loss,-19.029273847935883,1.1574027704608256,-20.18667661839671,944.7312147331185
2024-08-01 05:30:00,2024-08-01 20:30:00,short,31,3175.25,3165.477993586662,stop_loss,3.029321988134843,0.7862502712047461,2.243071716930097,946.9742864500486
2024-08-02 15:30:00,2024-08-06 01:00:00,short,16,3005.56,2545.6544112176944,stop_loss,73.5848942051689,0.3552777223179324,73.22961648285096,1020.2039029328995
2024-08-09 02:30:00,2024-08-09 12:30:00,long,25,2666.84,2616.8372959534354,stop_loss,-12.50067601164119,0.5283677295953435,-13.029043741236533,1007.174859191663
2024-08-09 13:00:00,2024-08-09 13:30:00,long,180,2628.11,2616.8372959534354,stop_loss,-20.290867283816535,3.7763620530864737,-24.067229336903008,983.10762985476
2024-08-11 10:30:00,2024-08-11 11:30:00,long,55,2683.8,2648.42889651094,stop_loss,-19.454106918983143,1.1730903572324067,-20.62719727621555,962.4804325785445
2024-08-23 19:30:00,2024-08-24 21:30:00,long,24,2743.88,2759.0037724188423,stop_loss,3.629705380522137,0.5282768421522088,3.101428538369928,965.5818611169144
2024-08-26 20:30:00,2024-08-28 09:30:00,short,45,2686.78,2546.2884559258323,stop_loss,63.221194833375556,0.9419523220666499,62.27924251130891,1027.8611036282234
2024-09-04 06:30:00,2024-09-04 14:30:00,short,38,2378.45,2432.1238029649035,stop_loss,-20.396045126663385,0.7312072180506652,-21.12725234471405,1006.7338512835094
2024-09-06 00:30:00,2024-09-06 12:30:00,short,46,2372.01,2391.2821559682907,stop_loss,-8.865191745413613,0.8764457566981655,-9.741637502111779,996.9922137813976
2024-09-06 17:30:00,2024-09-07 06:30:00,short,22,2264.82,2276.7398089695057,stop_loss,-2.622357973291219,0.3996572631893165,-3.0220152364805353,993.970198544917
2024-09-14 00:30:00,2024-09-14 18:00:00,long,61,2433.41,2401.432597702429,stop_loss,-19.506215401518148,1.1797015938393929,-20.68591699535754,973.2842815495595
2024-09-16 00:30:00,2024-09-16 08:00:00,short,32,2307.23,2331.3906314844144,stop_loss,-7.731402075012593,0.5937434408300051,-8.325145515842598,964.959136033717
2024-09-16 08:30:00,2024-09-17 11:00:00,short,413,2331.15,2317.33,30m ST Green,57.076600000000674,7.679288960000001,49.39731104000067,1014.3564470737176
2024-09-17 16:30:00,2024-09-18 00:30:00,long,38,2372.09,2319.501038093735,stop_loss,-19.983805524380706,0.713121837790248,-20.696927362170953,993.6595197115466
2024-09-19 09:30:00,2024-09-22 14:00:00,long,51,2433.01,2565.6926114499147,stop_loss,67.66813183945638,1.0197353327357828,66.6483965067206,1060.3079162182673
2024-09-26 03:30:00,2024-09-26 05:30:00,short,175,2594.37,2606.527744882309,stop_loss,-21.276053544040906,3.6406284214176168,-24.916681965458523,1035.3912342528088
2024-09-28 00:30:00,2024-09-28 08:00:00,long,69,2692.04,2669.5298646282863,stop_loss,-15.531993406482425,1.4797932826374072,-17.01178668911983,1018.3794475636889
2024-09-30 22:30:00,2024-10-01 03:30:00,short,73,2605.61,2633.283518439773,stop_loss,-20.201668461034316,1.5297569073844137,-21.73142536841873,996.6480221952702
2024-10-03 03:30:00,2024-10-04 05:30:00,short,56,2392.08,2381.124377057573,stop_loss,6.135148847759119,1.0691977804608963,5.065951067298222,1001.7139732625684
2024-10-07 03:30:00,2024-10-07 09:00:00,long,48,2506.17,2464.748535374607,stop_loss,-19.8823030201887,0.9544163587919245,-20.836719378980625,980.8772538835877
2024-10-12 12:30:00,2024-10-13 03:00:00,long,140,2454.48,2460.3638499632084,stop_loss,8.237389948491728,2.752312555979397,5.485077392512331,986.3623312761001
2024-10-13 03:30:00,2024-10-13 04:00:00,long,400,2461.28,2457.89,stop_loss,-13.56000000000131,7.870672000000001,-21.43067200000131,964.9316592760988
2024-10-14 13:30:00,2024-10-15 05:30:00,long,46,2553.73,2595.583550403309,stop_loss,19.252633185522082,0.9474736932742089,18.305159492247874,983.2368187683467
2024-10-15 14:00:00,2024-10-15 14:30:00,long,23,2671.65,2586.195182336033,stop_loss,-19.65460806271238,0.4837217567749151,-20.138329819487296,963.0984889488593
2024-10-20 18:30:00,2024-10-21 09:30:00,long,75,2703.66,2708.221212033906,stop_loss,3.4209090254295234,1.6235643636101718,1.7973446618193516,964.8958336106787
2024-10-21 10:00:00,2024-10-21 10:30:00,long,335,2714.08,2708.221212033906,stop_loss,-19.62693968641504,7.2658836241254345,-26.89282331054047,938.0030103001382
2024-10-21 14:30:00,2024-10-24 00:30:00,short,40,2677.45,2550.8666675979657,stop_loss,50.63333296081364,0.8365306668156746,49.79680229399796,987.7998125941361
2024-10-26 01:30:00,2024-10-26 18:00:00,short,32,2446.49,2485.42830556908,stop_loss,-12.460257782105618,0.6312855431128422,-13.09154332521846,974.7082692689177
2024-10-26 18:30:00,2024-10-26 19:00:00,short,392,2481.8,2485.42830556908,stop_loss,-14.222957830792257,7.7886139831323185,-22.011571813924576,952.6966974549931
2024-10-26 19:30:00,2024-10-26 20:00:00,short,383,2483.35,2487.02,stop_loss,-14.05610000000028,7.61460684,-21.67070684000028,931.0259906149928
2024-10-29 05:30:00,2024-10-29 20:00:00,long,40,2619.01,2620.776499420211,stop_loss,0.7065997680843793,0.8383658399072338,-0.1317660718228545,930.8942245431699
2024-10-30 06:30:00,2024-10-30 19:30:00,long,42,2666.31,2654.527559175057,stop_loss,-4.94862514647607,0.8939007099414097,-5.84252585641748,925.0516986867524
2024-10-30 20:00:00,2024-10-30 21:30:00,long,348,2655.27,2654.527559175057,stop_loss,-2.5836940708018483,7.391238202371679,-9.974932273173527,915.0767664135789
2024-11-02 13:30:00,2024-11-03 21:00:00,short,89,2498.86,2468.1,30m ST Green,27.376400000000196,1.7682377599999999,25.608162240000198,940.684928653579
2024-11-04 22:30:00,2024-11-05 14:00:00,short,30,2387.87,2448.903081995075,stop_loss,-18.309924598522503,0.580412769839409,-18.890337368361912,921.7945912852172
2024-11-05 15:30:00,2024-11-05 19:30:00,long,262,2438.2,2431.0836459492048,stop_loss,-18.64484761308304,5.103009260954766,-23.747856874037808,898.0467344111794
2024-11-06 05:30:00,2024-11-10 20:30:00,long,20,2587.94,3128.8698765834306,stop_loss,108.18597531668611,0.4573447901266745,107.72863052655944,1005.7753649377388
2024-11-15 05:30:00,2024-11-15 09:00:00,short,25,3050.99,3114.1604783106736,stop_loss,-15.79261957766846,0.6165150478310675,-16.40913462549953,989.3662303122393
2024-11-15 09:30:00,2024-11-15 12:00:00,short,200,3104.19,3114.1604783106736,stop_loss,-19.94095662134714,4.974680382648539,-24.91563700399568,964.4505933082436
2024-11-15 12:30:00,2024-11-15 13:00:00,short,225,3105.52,3114.1604783106736,stop_loss,-19.441076199015697,5.597712430479607,-25.038788629495304,939.4118046787482
2024-11-22 00:30:00,2024-11-22 13:00:00,long,25,3352.84,3302.2224696247736,stop_loss,-12.654382593806645,0.6655062469624774,-13.319888840769122,926.0919158379792
2024-11-26 13:30:00,2024-11-27 04:00:00,short,20,3320.81,3383.490465627805,stop_loss,-12.536093125561,0.5363440372502244,-13.072437162811225,913.019478675168
2024-11-27 15:30:00,2024-11-28 03:30:00,long,17,3543.4,3574.157928659054,stop_loss,5.228847872039173,0.4839939391488157,4.744853932890358,917.7643326080583
2024-11-28 04:00:00,2024-11-28 06:00:00,long,71,3600.0,3574.157928659054,stop_loss,-18.347870652071624,2.037460851739171,-20.385331503810797,897.3790011042475
2024-11-28 06:30:00,2024-11-28 14:00:00,long,126,3588.4,3574.157928659054,stop_loss,-17.94500988959201,3.6099291960441633,-21.554939085636175,875.8240620186114
2024-12-03 20:30:00,2024-12-03 22:30:00,short,45,3593.67,3632.639319425244,stop_loss,-17.53619374135983,1.300735677496544,-18.836929418856375,856.987132599755
2024-12-09 11:30:00,2024-12-09 14:30:00,short,19,3862.12,3931.4376698393144,stop_loss,-13.17035726946975,0.5923103829077879,-13.762667652377539,843.2244649473774
2024-12-09 20:00:00,2024-12-11 08:30:00,short,14,3796.53,3701.514572472771,stop_loss,13.302159853812109,0.4198904960584753,12.882269357753634,856.1067343051311
2024-12-11 09:00:00,2024-12-11 10:00:00,short,231,3696.51,3701.514572472771,stop_loss,-11.560562412100163,6.835774704964841,-18.396337117065002,837.710397188066
2024-12-11 10:30:00,2024-12-11 11:00:00,short,226,3698.67,3708.0899999999997,stop_loss,-21.289199999999138,6.695711040000001,-27.98491103999914,809.7254861480669
2024-12-12 07:30:00,2024-12-12 19:30:00,long,21,3929.41,3880.38588604141,stop_loss,-10.295063931303917,0.6560228544274784,-10.951086785731395,798.7743993623355
2024-12-18 10:30:00,2024-12-20 16:30:00,short,34,3869.1,3407.6049755620297,stop_loss,156.90830830890988,0.9896318766764362,155.91867643223344,954.693075794569
2024-12-26 22:30:00,2024-12-27 06:30:00,short,35,3341.23,3395.701959398491,stop_loss,-19.065185789471844,0.9431704743157889,-20.008356263787633,934.6847195307814
2025-01-02 12:30:00,2025-01-02 22:00:00,long,42,3471.76,3428.069510265846,stop_loss,-18.350005688344762,1.159171357724662,-19.509177046069425,915.175542484712
2025-01-02 22:30:00,2025-01-03 08:30:00,long,253,3435.39,3428.069510265846,stop_loss,-18.52083902740925,6.945821024389036,-25.466660051798286,889.7088824329137
2025-01-07 20:30:00,2025-01-09 00:30:00,short,15,3381.02,3342.387259374657,stop_loss,5.794911093801466,0.4034044355624794,5.391506658238987,895.1003890911527
2025-01-09 14:00:00,2025-01-09 15:30:00,short,15,3221.28,3323.8481689515525,stop_loss,-15.385225342732838,0.39270769013709317,-15.777933032869932,879.3224560582828
2025-01-09 16:00:00,2025-01-10 09:30:00,short,264,3320.69,3307.12,30m ST Green,35.82480000000043,6.99896736,28.825832640000428,908.1482886982832
2025-01-13 16:30:00,2025-01-13 21:00:00,short,21,3024.02,3110.1168940614552,stop_loss,-18.080347752905606,0.5152674991011623,-18.59561525200677,889.5526734462765
2025-01-13 21:30:00,2025-01-13 22:00:00,short,286,3103.82,3114.19,stop_loss,-29.658199999999688,7.11340344,-36.77160343999969,852.7810700062768
2025-01-16 00:30:00,2025-01-16 03:00:00,long,31,3423.01,3368.5291762574543,stop_loss,-16.889055360189232,0.8421508578559245,-17.731206218045156,835.0498637882316
2025-01-23 11:30:00,2025-01-23 14:30:00,short,29,3208.12,3264.6010271473033,stop_loss,-16.379497872717984,0.7508356391490872,-17.13033351186707,817.9195302763645
2025-01-24 14:30:00,2025-01-24 20:00:00,long,27,3401.1,3341.511283829553,stop_loss,-16.088953366020633,0.7282020186535918,-16.817155384674223,801.1023748916903
2025-01-27 07:30:00,2025-01-27 14:30:00,short,12,3026.8,3145.007094364312,stop_loss,-14.184851323717394,0.296246740529487,-14.481098064246881,786.6212768274434
2025-01-31 16:30:00,2025-01-31 18:30:00,long,23,3398.61,3330.7498965871177,stop_loss,-15.607823784962948,0.6191011104860148,-16.226924895448963,770.3943519319944
2025-02-02 02:30:00,2025-02-03 21:30:00,short,24,3137.99,2772.950149342595,stop_loss,87.60956415777713,0.5674502543368891,87.04211390344024,857.4364658354347
2025-02-07 23:30:00,2025-02-08 00:00:00,short,28,2602.71,2662.6993669670164,stop_loss,-16.79702275076459,0.5897258491003059,-17.386748599864895,840.0497172355698
2025-02-08 00:30:00,2025-02-09 01:00:00,short,315,2658.98,2653.7463510016787,stop_loss,16.48599434471214,6.694035202262116,9.791959142450024,849.8416763780198
2025-02-17 15:30:00,2025-02-17 16:00:00,long,27,2820.38,2755.81,stop_loss,-17.433900000000044,0.60222852,-18.036128520000045,831.8055478580197
2025-02-21 13:30:00,2025-02-21 14:30:00,long,24,2831.69,2778.3257453456044,stop_loss,-12.807421117054947,0.5385615115531781,-13.345982628608125,818.4595652294116
2025-02-21 15:00:00,2025-02-21 15:30:00,long,57,2807.0,2778.3257453456044,stop_loss,-16.344325153005467,1.2734542699387978,-17.617779422944267,800.8417858064673
2025-02-24 16:30:00,2025-03-01 01:30:00,short,31,2670.7,2258.117342114698,stop_loss,127.90062394444351,0.6111733504222226,127.28945059402129,928.1312364004887
2025-03-03 00:30:00,2025-03-03 06:30:00,long,23,2488.65,2410.5965607086587,stop_loss,-17.95229103700853,0.45073068358519663,-18.403021720593724,909.7282146798949
2025-03-04 00:30:00,2025-03-04 14:30:00,short,18,2148.3,2153.4744165256047,stop_loss,-0.9313949746088201,0.3097277579898436,-1.2411227325986638,908.4870919472962
2025-03-04 15:00:00,2025-03-04 18:30:00,short,24,2078.75,2153.4744165256047,stop_loss,-17.93385996614514,0.4062935439864581,-18.340153510131596,890.1469384371646
2025-03-09 19:30:00,2025-03-10 09:00:00,short,27,2032.53,2089.358434623586,stop_loss,-15.343677348368272,0.4451639509393473,-15.78884129930762,874.358097137857
2025-03-10 12:30:00,2025-03-10 14:00:00,long,26,2110.54,2043.361455557075,stop_loss,-17.466421555160483,0.43200575137793584,-17.89842730653842,856.4596698313186
2025-03-10 15:30:00,2025-03-11 09:30:00,short,18,2018.38,1927.31511653162,stop_loss,16.391679024308402,0.28409004839027674,16.107588975918127,872.5672588072367
2025-03-11 10:00:00,2025-03-11 10:30:00,short,167,1916.8,1927.31511653162,stop_loss,-17.560244607805654,2.5678688978431223,-20.128113505648777,852.4391453015879
2025-03-11 11:00:00,2025-03-11 13:00:00,short,293,1921.4,1927.31511653162,stop_loss,-17.331291437646644,4.51069411657506,-21.841985554221704,830.5971597473663
2025-03-11 13:30:00,2025-03-11 16:00:00,short,276,1921.2,1927.31511653162,stop_loss,-16.877721627271367,4.2487606886509095,-21.126482315922274,809.470677431444
2025-03-19 13:30:00,2025-03-20 08:00:00,long,43,2011.62,2003.6689763103773,stop_loss,-3.418940186537725,0.6906297039253848,-4.10956989046311,805.3611075409808
2025-03-20 08:30:00,2025-03-20 09:30:00,long,189,2012.25,2003.6689763103773,stop_loss,-16.21813477338695,3.036034746090645,-19.254169519477596,786.1069380215032
2025-03-20 10:00:00,2025-03-20 10:30:00,long,391,2006.0,1980.47,stop_loss,-99.82229999999988,6.23483908,-106.05713907999989,680.0497989415034
2025-03-24 13:30:00,2025-03-25 01:30:00,long,66,2077.64,2057.158950707023,stop_loss,-13.51749253336474,1.0915869229866542,-14.609079456351393,665.4407194851519
2025-03-25 02:00:00,2025-03-25 03:00:00,long,174,2064.9,2057.158950707023,stop_loss,-13.469425769780146,2.868953029692088,-16.338378799472235,649.1023406856797
2025-03-28 07:30:00,2025-03-31 15:00:00,short,24,1917.31,1851.8418101818343,stop_loss,15.712365556359764,0.3618385737774561,15.350526982582307,664.452867668262
2025-04-06 17:30:00,2025-04-07 14:00:00,short,20,1699.89,1594.5899345748685,stop_loss,21.060013085026323,0.2635583947659895,20.796454690260333,685.2493223585224
2025-04-10 00:30:00,2025-04-10 07:30:00,long,22,1652.79,1591.4892678954243,stop_loss,-13.486161063006648,0.28549657557479735,-13.771657638581445,671.4776647199409
2025-04-12 15:30:00,2025-04-13 01:30:00,long,26,1660.43,1614.5984411954075,stop_loss,-11.916205289194059,0.3406029578843224,-12.25680824707838,659.2208564728625
2025-04-13 02:00:00,2025-04-13 02:30:00,long,407,1617.16,1609.89,stop_loss,-29.588899999999928,5.253637400000001,-34.84253739999993,624.3783190728625
2025-04-21 07:30:00,2025-04-21 11:00:00,long,46,1643.73,1619.6410725181456,stop_loss,-11.080906641653023,0.600460277343339,-11.681366918996362,612.6969521538662
2025-04-21 11:30:00,2025-04-21 13:00:00,long,252,1624.6,1619.6410725181456,stop_loss,-12.496497254272809,3.2701950010982905,-15.7666922553711,596.930259898495
2025-04-21 13:30:00,2025-04-21 14:00:00,long,155,1627.42,1611.75,stop_loss,-24.288500000000113,2.0082854,-26.29678540000011,570.6334744984949
2025-04-23 14:00:00,2025-04-23 15:00:00,long,48,1786.98,1763.2424039931875,stop_loss,-11.394046083270005,0.681642701566692,-12.075688784836698,558.5577857136583
2025-04-23 15:30:00,2025-04-24 04:00:00,long,313,1766.91,1763.2424039931875,stop_loss,-11.479575501323355,4.419750809799471,-15.899326311122826,542.6584594025354
2025-04-24 04:30:00,2025-04-24 06:00:00,long,307,1763.8,1763.2424039931875,stop_loss,-1.711819740914209,4.331208072103634,-6.043027813017844,536.6154315895176
2025-05-06 17:30:00,2025-05-06 19:00:00,short,48,1771.8,1794.1428391860568,stop_loss,-10.724562809307281,0.6846610251237228,-11.409223834431003,525.2062077550866
2025-05-06 19:30:00,2025-05-06 22:00:00,short,168,1787.81,1794.1428391860568,stop_loss,-10.639169832575499,2.4070723079330305,-13.046242140508529,512.159965614578
2025-05-08 09:30:00,2025-05-11 15:30:00,long,20,1940.29,2447.492489485684,stop_loss,101.44049789713681,0.3510225991588548,101.08947529797796,613.249440912556
2025-05-13 22:30:00,2025-05-14 08:00:00,long,12,2696.84,2617.870770399387,stop_loss,-9.476307552073594,0.2551061169791706,-9.731413669052765,603.5180272435032
2025-05-14 08:30:00,2025-05-14 09:00:00,long,126,2627.49,2596.14,stop_loss,-39.500999999999884,2.6327095199999997,-42.13370951999988,561.3843177235033
2025-05-17 12:30:00,2025-05-18 05:30:00,short,22,2481.27,2507.1374892854046,stop_loss,-5.690847642789022,0.4389798590571157,-6.129827501846138,555.2544902216571
2025-05-24 00:30:00,2025-05-25 13:00:00,short,16,2525.04,2519.222630716027,stop_loss,0.9307790854356427,0.32283280836582573,0.607946277069817,555.8624364987269
2025-05-25 13:30:00,2025-05-25 18:00:00,short,220,2518.72,2519.222630716027,stop_loss,-1.1057875752602742,4.433389515030104,-5.539177090290378,550.3232594084365
2025-05-27 18:30:00,2025-05-28 02:00:00,long,18,2683.4,2624.458741481657,stop_loss,-10.609426533301766,0.3821658293866793,-10.991592362688445,539.331667045748
2025-05-30 17:30:00,2025-06-01 14:30:00,short,14,2546.5,2517.9326329053574,stop_loss,3.999431393249961,0.28360822744270003,3.715823165807261,543.0474902115552
2025-06-01 15:00:00,2025-06-01 15:30:00,short,111,2508.12,2517.9326329053574,stop_loss,-10.89202252494686,2.231567369009979,-13.12358989395684,529.9239003175984
2025-06-02 07:30:00,2025-06-02 14:00:00,short,41,2501.99,2519.9137405046285,stop_loss,-7.348733606897795,0.8235922134427591,-8.172325820340554,521.7515744972578
2025-06-03 03:30:00,2025-06-03 21:30:00,long,117,2594.53,2590.589006635514,stop_loss,-4.610962236448708,2.426635695105421,-7.03759793155413,514.7139765657037
2025-06-06 00:30:00,2025-06-06 11:00:00,short,12,2408.79,2492.5300454273747,stop_loss,-10.04880545128497,0.235263362180514,-10.284068813465485,504.4299077522382
2025-06-06 11:30:00,2025-06-06 12:30:00,short,103,2482.66,2492.5300454273747,stop_loss,-10.166146790196107,2.0497782987160784,-12.215925088912186,492.213982663326
2025-06-06 13:00:00,2025-06-06 13:30:00,short,55,2474.4,2492.5300454273747,stop_loss,-9.971524985056044,1.0927246099940224,-11.064249595050066,481.14973306827596
2025-06-10 01:30:00,2025-06-10 15:30:00,long,14,2710.39,2703.7023095324384,stop_loss,-0.9362766654585994,0.30318916933381657,-1.2394658347924161,479.9102672334835
2025-06-10 16:00:00,2025-06-11 22:00:00,long,36,2731.54,2759.217777777778,stop_loss,9.964000000000052,0.79066912,9.173330880000051,489.08359811348356
2025-06-13 02:30:00,2025-06-13 16:00:00,short,8,2482.08,2583.7124975849106,stop_loss,-8.130599806792853,0.16210535992271713,-8.292705166715571,480.790892946768
2025-06-13 16:30:00,2025-06-15 05:00:00,short,57,2566.32,2542.54,30m ST Green,13.554600000000114,1.1648200800000001,12.389779920000114,493.18067286676813
2025-06-17 19:30:00,2025-06-18 01:00:00,short,194,2532.41,2534.482283649063,stop_loss,-4.0202302791824875,3.9319084121116727,-7.95213869129416,485.22853417547395
2025-06-21 00:30:00,2025-06-23 07:00:00,short,22,2412.01,2275.7143622313697,stop_loss,29.985040309098714,0.4125197438763606,29.572520565222355,514.8010547406963
2025-06-24 17:30:00,2025-06-25 09:30:00,long,18,2447.6,2408.473044313993,stop_loss,-7.042852023481264,0.3496372591906075,-7.392489282671871,507.4085654580244
2025-07-01 21:30:00,2025-07-02 04:30:00,short,27,2412.27,2434.6424322354133,stop_loss,-6.040556703561584,0.5234665426814247,-6.564023246243009,500.8445422117814
2025-07-02 18:30:00,2025-07-04 06:00:00,long,16,2570.39,2557.9851228914454,stop_loss,-1.9847803373687203,0.3282160078650525,-2.3129963452337727,498.5315458665476
2025-07-09 06:30:00,2025-07-12 15:30:00,long,23,2625.46,2904.62519953656,stop_loss,64.20799589340882,0.5087678383573635,63.69922805505146,562.230773921599
2025-07-16 09:30:00,2025-07-18 20:00:00,long,21,3163.77,3504.028555590754,stop_loss,71.45429667405834,0.5600950786696233,70.89420159538872,633.1249755169878
2025-07-20 14:30:00,2025-07-20 20:00:00,long,16,3746.49,3721.3958269613336,stop_loss,-4.015067686186594,0.4779446929255254,-4.49301237911212,628.6319631378757
2025-07-20 20:30:00,2025-07-20 22:00:00,long,70,3739.4,3721.3958269613336,stop_loss,-12.602921127066566,2.0890228315491735,-14.691943958615738,613.9400191792599
2025-07-20 22:30:00,2025-07-21 00:00:00,long,164,3727.7,3721.3958269613336,stop_loss,-10.33884378341265,4.8866068624866354,-15.225450645899285,598.7145685333606
2025-07-23 22:30:00,2025-07-24 03:00:00,short,25,3611.61,3659.4832208576777,stop_loss,-11.968305214419388,0.7271093220857678,-12.695414536505156,586.0191539968555
2025-07-24 08:30:00,2025-07-24 10:00:00,short,50,3623.0,3646.2377483300293,stop_loss,-11.618874165014631,1.4538475496660062,-13.072721714680638,572.9464322821749
2025-07-27 19:30:00,2025-07-28 13:00:00,long,20,3837.49,3856.7411756020274,stop_loss,3.850235120405523,0.6155384940481622,3.2346966263573607,576.1811289085323
2025-07-28 15:30:00,2025-07-29 07:30:00,short,19,3813.97,3853.797732247387,stop_loss,-7.567269127003588,0.5827503476508014,-8.150019474654389,568.0311094338779
2025-08-01 03:30:00,2025-08-03 23:00:00,short,35,3718.28,3516.6174018347556,stop_loss,70.58190935783561,1.012885636256866,69.56902372157874,637.6001331554567
2025-08-04 17:30:00,2025-08-05 03:00:00,long,16,3693.5,3656.5012681752387,stop_loss,-5.91979709196181,0.4704000811632153,-6.390197173125025,631.2099359823317
2025-08-07 14:30:00,2025-08-10 08:00:00,long,21,3829.43,4168.202860177058,stop_loss,71.14230063718222,0.6718011602548729,70.47049947692734,701.680435459259
2025-08-12 21:30:00,2025-08-14 10:30:00,long,11,4598.37,4676.9998461550995,stop_loss,8.649283077060955,0.40811627323082444,8.241166803830131,709.9216022630891
2025-08-14 11:00:00,2025-08-14 12:30:00,long,44,4709.11,4676.9998461550995,stop_loss,-14.128467691756086,1.6519553329232979,-15.780423024679383,694.1411792384097
2025-08-14 13:30:00,2025-08-14 14:30:00,short,8,4536.24,4696.203804100363,stop_loss,-12.797104328029091,0.29543820173121166,-13.092542529760303,681.0486367086494
2025-08-14 17:30:00,2025-08-15 02:30:00,short,10,4561.6,4641.73894071017,stop_loss,-8.013894071016967,0.3681335576284068,-8.382027628645375,672.666609080004
2025-08-18 11:30:00,2025-08-18 13:00:00,short,14,4268.06,4358.251628250931,stop_loss,-12.626827955130338,0.4830734511820522,-13.10990140631239,659.5567076736917
2025-08-22 21:30:00,2025-08-23 02:30:00,long,6,4880.0,4693.536142018838,stop_loss,-11.187831478869702,0.22976486740845214,-11.417596346278154,648.1391113274135
2025-08-23 03:00:00,2025-08-23 03:30:00,long,59,4715.35,4693.536142018838,stop_loss,-12.870176208885624,2.2204971295164464,-15.09067333840207,633.0484379890114
2025-08-25 20:30:00,2025-08-26 12:30:00,short,8,4405.55,4500.290234085287,stop_loss,-7.579218726822947,0.2849868874907292,-7.864205614313676,625.1842323746978
2025-08-26 13:00:00,2025-08-26 13:30:00,short,139,4494.61,4500.290234085287,stop_loss,-7.895525378549401,5.00116453015142,-12.896689908700822,612.2875424659969
2025-08-26 14:00:00,2025-08-26 14:30:00,short,56,4478.48,4500.290234085287,stop_loss,-12.213731087760971,2.0112445324351045,-14.224975620196076,598.0625668458008
2025-08-29 12:30:00,2025-08-30 05:30:00,short,19,4365.85,4390.721724908974,stop_loss,-4.725627732704907,0.6654994510930821,-5.391127183797989,592.6714396620029
2025-09-12 15:30:00,2025-09-13 16:00:00,long,25,4531.26,4635.350521214556,stop_loss,26.022630303638834,0.9166610521214555,25.10596925151738,617.7774089135203
2025-09-15 14:30:00,2025-09-16 22:00:00,short,19,4527.01,4509.121419091768,stop_loss,3.3988303725641074,0.6867459878509745,2.712084384713133,620.4894932982334
2025-09-16 22:30:00,2025-09-16 23:00:00,short,137,4505.39,4517.240000000001,stop_loss,-16.234500000000498,4.944401240000001,-21.1789012400005,599.3105920582328
2025-09-19 23:30:00,2025-09-20 14:30:00,short,19,4447.4,4491.269721415192,stop_loss,-8.335247068886584,0.6793388988275546,-9.014585967714138,590.2960060905187
2025-09-20 15:00:00,2025-09-20 15:30:00,short,131,4485.27,4501.1,stop_loss,-20.737299999999905,4.708857880000001,-25.446157879999905,564.8498482105189
2025-09-22 15:30:00,2025-09-23 09:00:00,short,12,4175.66,4214.807315037674,stop_loss,-4.697677804520899,0.4027424311218084,-5.100420235642708,559.7494279748762
2025-09-23 09:30:00,2025-09-24 11:00:00,short,87,4201.92,4196.086043813407,stop_loss,5.07554188233612,2.9225061032470654,2.1530357790890546,561.9024637539652
2025-09-24 11:30:00,2025-09-24 14:30:00,short,102,4185.01,4196.086043813407,stop_loss,-11.297564689674745,3.4194871858758704,-14.717051875550617,547.1854118784146
2025-09-24 15:00:00,2025-09-26 17:00:00,short,130,4191.34,4025.820262964286,stop_loss,215.17565814642836,4.27292333674143,210.90273480968693,758.0881466881015
2025-09-26 18:30:00,2025-09-27 09:00:00,long,13,4052.63,3976.352121152423,stop_loss,-9.916124250185021,0.41750707029992606,-10.333631320484947,747.7545153676165
2025-09-29 21:30:00,2025-09-30 09:00:00,long,19,4221.58,4157.486180103842,stop_loss,-12.177825780269941,0.6368090296878921,-12.814634809957834,734.9398805576586
2025-10-01 18:30:00,2025-10-02 15:00:00,long,25,4306.55,4334.0106993724185,stop_loss,6.865174843104569,0.8640560699372419,6.0011187731673274,740.940999330826
2025-10-02 15:30:00,2025-10-03 07:00:00,long,20,4405.31,4452.9086994934305,stop_loss,9.519739898686021,0.7086574959594746,8.811082402726546,749.7520817335526
2025-10-03 07:30:00,2025-10-03 08:00:00,long,168,4453.49,4452.9086994934305,stop_loss,-0.9765848510363867,5.985099926059585,-6.961684777095972,742.7903969564566
2025-10-06 19:30:00,2025-10-07 08:00:00,long,16,4706.82,4655.045261561237,stop_loss,-8.28395815020209,0.5991593767399191,-8.883117526942009,733.9072794295146
2025-10-07 13:00:00,2025-10-07 14:00:00,long,15,4746.3,4669.018024255897,stop_loss,-11.592296361615444,0.5649190814553539,-12.157215443070799,721.7500639864438
2025-10-09 17:30:00,2025-10-10 03:30:00,short,15,4299.66,4391.957608471334,stop_loss,-13.844641270700185,0.52149705650828,-14.366138327208466,707.3839256592354
2025-10-10 20:30:00,2025-10-12 06:30:00,short,11,4021.54,3827.88,30m ST Green,21.302599999999984,0.34537448000000004,20.957225519999984,728.3411511792353
2025-10-12 17:30:00,2025-10-13 11:00:00,long,7,4134.51,4077.6781252391274,stop_loss,-3.9782312332610945,0.2299412675066956,-4.20817250076779,724.1329786784676
2025-10-14 12:30:00,2025-10-14 15:30:00,short,13,3948.36,4052.9975955315404,stop_loss,-13.60288741910023,0.4160705949676401,-14.01895801406787,710.1140206643997
2025-10-16 21:30:00,2025-10-17 16:00:00,short,12,3868.46,3836.530780897614,stop_loss,3.831506292286322,0.3698395574830855,3.461666734803236,713.5756873992029
2025-10-17 16:30:00,2025-10-17 18:00:00,short,56,3810.99,3836.530780897614,stop_loss,-14.302837302663974,1.7130446549210658,-16.01588195758504,697.5598054416179
2025-10-17 18:30:00,2025-10-17 19:00:00,short,181,3833.47,3836.530780897614,stop_loss,-5.540013424681742,5.553080565369873,-11.093093990051615,686.4667114515662
2025-10-17 19:30:00,2025-10-17 20:00:00,short,179,3830.8,3836.530780897614,stop_loss,-10.258097806728774,5.489808839122693,-15.747906645851467,670.7188048057147
2025-10-19 23:30:00,2025-10-20 00:00:00,long,32,3992.29,3950.721760048682,stop_loss,-13.301836784421758,1.0167055052862313,-14.318542289707988,656.4002625160067
2025-10-20 08:30:00,2025-10-20 16:00:00,long,24,4047.37,3994.051353050307,stop_loss,-12.796475267926253,0.7719764498928295,-13.568451717819082,642.8318107981876
2025-10-22 20:30:00,2025-10-23 06:00:00,short,11,3781.89,3860.4819475519203,stop_loss,-8.645114230711242,0.3362643656922845,-8.981378596403527,633.8504322017841
2025-10-26 16:30:00,2025-10-27 11:00:00,long,36,4053.11,4131.874974615252,stop_loss,28.35539086149054,1.1786378363445964,27.176753025145945,661.02718522693
2025-10-27 18:00:00,2025-10-27 20:30:00,long,14,4218.78,4134.8942094232225,stop_loss,-11.744010680748815,0.46780575572770045,-12.211816436476516,648.8153687904535
2025-10-29 02:30:00,2025-10-31 01:00:00,short,19,3992.37,3855.435707403017,stop_loss,26.01751559342671,0.5964332337626294,25.421082359664084,674.2364511501175
2025-11-03 17:30:00,2025-11-04 15:00:00,short,16,3637.82,3581.7455033940128,stop_loss,8.971919456957986,0.46205219221721683,8.50986726474077,682.7463184148584
2025-11-04 15:30:00,2025-11-05 15:30:00,short,70,3562.36,3390.472625099579,stop_loss,120.32116243029472,1.9467931350278822,118.37436929526683,801.1206877101251
2025-11-09 22:30:00,2025-11-10 14:30:00,long,26,3567.96,3555.6556200536957,stop_loss,-3.1991387860391387,0.7408560244855844,-3.9399948105247233,797.1806928996004
2025-11-13 21:30:00,2025-11-14 15:30:00,short,11,3166.93,3224.587168070173,stop_loss,-6.342288487719047,0.28122675539508757,-6.623515243114134,790.5571776564863
2025-11-14 16:00:00,2025-11-14 16:30:00,short,54,3195.57,3236.21,stop_loss,-21.94559999999993,1.38926448,-23.334864479999933,767.2223131764863
2025-11-18 01:30:00,2025-11-18 14:30:00,short,16,3024.28,3087.3180845418206,stop_loss,-10.086093526691256,0.39114227741067653,-10.477235804101932,756.7450773723843
2025-11-18 15:00:00,2025-11-18 15:30:00,short,50,3057.0,3107.94,stop_loss,-25.470000000000027,1.2329880000000002,-26.702988000000026,730.0420893723843
2025-11-21 04:30:00,2025-11-21 17:00:00,short,13,2808.68,2785.278277933062,stop_loss,3.042223868701935,0.29088583045251926,2.7513380382494157,732.7934274106337
2025-12-01 06:30:00,2025-12-01 22:00:00,short,21,2824.99,2811.174017923253,stop_loss,2.901356236116844,0.47343777750555327,2.4279184586112907,735.221345869245
2025-12-01 22:30:00,2025-12-01 23:00:00,short,112,2798.04,2811.174017923253,stop_loss,-14.710100074043295,2.5129278800296175,-17.22302795407291,717.9983179151722
2025-12-02 19:30:00,2025-12-03 14:00:00,long,17,3018.99,3030.845494686694,stop_loss,2.0154340967380358,0.41138881363869517,1.6040452830993406,719.6023631982715
2025-12-03 14:30:00,2025-12-04 19:00:00,long,39,3072.36,3109.162685292219,stop_loss,14.353047263965387,0.9643175389055864,13.3887297250598,732.9910929233313
2025-12-10 19:30:00,2025-12-11 00:00:00,long,23,3374.5,3311.3327150909386,stop_loss,-14.528475529084131,0.6150966097883663,-15.143572138872498,717.8475207844588
2025-12-13 01:30:00,2025-12-13 08:00:00,short,32,3087.85,3112.110133087605,stop_loss,-7.7632425880336084,0.7935948970352135,-8.556837485068822,709.2906832993899
2025-12-14 15:30:00,2025-12-15 01:30:00,short,41,3077.4,3110.8492830452096,stop_loss,-13.714206048535912,1.0148728824194144,-14.729078930955326,694.5616043684346
2025-12-17 01:30:00,2025-12-17 14:30:00,short,86,2959.51,2964.2136124472086,stop_loss,-4.045106704599175,2.03776092268184,-6.082867627281015,688.4787367411536
2025-12-20 00:30:00,2025-12-21 01:30:00,long,24,2978.12,2964.380046755293,stop_loss,-3.297588778729696,0.5704800044885081,-3.868068783218204,684.6106679579354
2026-01-02 03:30:00,2026-01-06 17:30:00,long,42,3011.94,3201.518254967335,stop_loss,79.62286708628068,1.0438609868345123,78.57900609944616,763.1896740573816
2026-01-07 23:30:00,2026-01-08 17:30:00,short,48,3169.29,3137.5904302476088,stop_loss,15.215793481147776,1.210921042607541,14.004872438540234,777.1945464959218
2026-01-13 21:30:00,2026-01-14 12:00:00,long,30,3210.14,3285.4500000000003,30m ST Red,22.59300000000012,0.7794708000000001,21.813529200000122,799.008075695922
2026-01-14 15:00:00,2026-01-15 02:30:00,long,20,3347.42,3304.8326502523537,stop_loss,-8.517469949529277,0.5321802120201883,-9.049650161549465,789.9584255343725
2026-01-15 03:00:00,2026-01-15 03:30:00,long,196,3312.99,3289.61,stop_loss,-45.82479999999932,5.1764384,-51.00123839999932,738.9571871343732
2026-01-15 10:00:00,2026-01-15 15:30:00,long,22,3365.3,3316.1727628539697,stop_loss,-10.807992172126697,0.5879696031311494,-11.395961775257847,727.5612253591153
2026-01-19 04:30:00,2026-01-21 15:00:00,short,23,3210.61,3009.27521613966,stop_loss,46.30700028787818,0.5722294398848488,45.73477084799333,773.2959962071086
2026-01-21 17:00:00,2026-01-21 19:30:00,short,11,2889.9,2997.8163078329862,stop_loss,-11.870793861628476,0.2590595175446514,-12.129853379173127,761.1661428279355
2026-01-25 17:30:00,2026-01-26 01:00:00,short,30,2882.0,2865.855717448993,stop_loss,4.8432847653021325,0.6897426860938792,4.153542079208253,765.3196849071437
2026-01-26 09:30:00,2026-01-27 11:00:00,long,39,2888.62,2898.335381785892,stop_loss,3.7889988964979104,0.9027650395585991,2.8862338569393113,768.205918764083
2026-01-29 16:30:00,2026-02-02 15:30:00,short,20,2810.55,2387.9584978391285,stop_loss,84.51830043217433,0.4158806798271303,84.1024197523472,852.3083385164302
2026-02-03 12:30:00,2026-02-03 20:00:00,short,32,2293.63,2240.4607288427233,stop_loss,17.014166770328593,0.5803636132918686,16.433803157036724,868.742141673467
2026-02-04 22:30:00,2026-02-06 16:00:00,short,30,2162.44,2042.016381492023,stop_loss,36.12708555239315,0.5045347657790428,35.622550786614106,904.3646924600811
2026-02-06 18:30:00,2026-02-07 07:00:00,long,26,2037.76,2023.917365242088,stop_loss,-3.59908503705713,0.4224144459851772,-4.021499483042307,900.3431929770387
2026-02-11 17:30:00,2026-02-13 10:00:00,short,25,1931.42,1967.7893553479926,stop_loss,-9.092338836998124,0.3899209355347993,-9.482259772532924,890.8609332045058
2026-02-14 10:30:00,2026-02-15 01:00:00,long,71,2073.73,2062.0987532895297,stop_loss,-8.258185164433948,1.1745753659342264,-9.432760530368174,881.4281726741376
2026-02-23 06:30:00,2026-02-23 09:30:00,short,65,1871.56,1898.536324363179,stop_loss,-17.534610836066317,0.9802250443344265,-18.514835880400742,862.9133367937369
2026-02-24 03:30:00,2026-02-24 14:30:00,short,33,1830.02,1846.6585965861634,stop_loss,-5.490736873433932,0.48532157474937365,-5.976058448183306,856.9372783455536
2026-02-24 15:00:00,2026-02-24 15:30:00,short,132,1833.64,1847.8,stop_loss,-18.691199999999807,1.9438003200000002,-20.635000319999808,836.3022780255538
2026-02-27 23:30:00,2026-02-28 13:30:00,short,59,1929.17,1908.3342369373918,stop_loss,12.293100206938893,0.9056509999172245,11.38744920702167,847.6897272325755
2026-02-28 14:00:00,2026-02-28 14:30:00,short,445,1904.63,1908.3342369373918,stop_loss,-16.48385437139293,6.787076341748558,-23.27093071314149,824.418796519434
2026-02-28 15:00:00,2026-02-28 16:30:00,short,77,1887.01,1908.3342369373918,stop_loss,-16.419662441791676,1.1689660249767169,-17.58862846676839,806.8301680526656
2026-02-28 17:00:00,2026-02-28 17:30:00,short,299,1902.85,1908.3342369373918,stop_loss,-16.39786844280169,4.55817634737712,-20.95604479017881,785.8741232624868
2026-03-04 22:30:00,2026-03-05 07:30:00,long,30,2151.8,2100.2267373007057,stop_loss,-15.471978809788334,0.5102432084760848,-15.98222201826442,769.8919012442224
2026-03-06 22:30:00,2026-03-08 10:00:00,short,36,1982.3,1972.1000514137763,stop_loss,3.6719814910405058,0.5694336074035838,3.102547883636922,772.9944491278593
2026-03-08 13:30:00,2026-03-08 19:30:00,short,36,1935.61,1964.52170666059,stop_loss,-10.408214397812472,0.5616189657591251,-10.969833363571597,762.0246157642877
2026-03-08 20:00:00,2026-03-08 20:30:00,short,388,1963.45,1964.52170666059,stop_loss,-4.158221843089405,6.096212088737236,-10.25443393182664,751.770181832461
2026-03-08 21:00:00,2026-03-09 00:30:00,short,226,1957.78,1964.52170666059,stop_loss,-15.236257052933684,3.5457607428211735,-18.782017795754857,732.9881640367062
2026-03-13 02:30:00,2026-03-13 15:30:00,long,26,2115.04,2133.479842870406,stop_loss,4.794359146305615,0.44184606365852225,4.352513082647093,737.3406771193532
2026-03-16 01:30:00,2026-03-18 11:30:00,long,30,2179.09,2277.581745482367,stop_loss,29.547523644710008,0.5348006094578841,29.012723035252122,766.3534001546054
2026-03-18 19:30:00,2026-03-20 08:00:00,short,33,2192.59,2169.638795812719,stop_loss,7.573897381802826,0.5758142010472789,6.998083180755548,773.351483335361
2026-03-22 12:30:00,2026-03-23 11:00:00,short,63,2083.44,2076.397290793144,stop_loss,4.4369068003194165,1.0482789972798723,3.3886278030395443,776.7401111384005
2026-03-23 13:30:00,2026-03-24 14:00:00,long,18,2149.41,2127.608388088996,stop_loss,-3.9242901439806976,0.3079453239424077,-4.232235467923106,772.5078756704773
2026-03-26 19:30:00,2026-03-28 13:30:00,short,34,2040.96,2009.1139682657931,stop_loss,10.827650789630352,0.5508100596841479,10.276840729946205,782.7847164004236
2026-04-01 09:30:00,2026-04-02 01:00:00,long,49,2132.8,2111.502493641777,stop_loss,-10.43577811552928,0.8318832887537884,-11.267661404283068,771.5170549961405
2026-04-02 04:30:00,2026-04-02 14:30:00,short,26,2050.56,2059.3620042941266,stop_loss,-2.288521116472921,0.42743188844658914,-2.71595300491951,768.801101991221
2026-04-06 04:30:00,2026-04-06 17:00:00,long,40,2126.33,2123.3474354889754,stop_loss,-1.1930258044098083,0.6799483896782361,-1.8729741940880444,766.9281277971329
2026-04-10 21:30:00,2026-04-11 23:00:00,long,48,2246.1,2276.4025083127076,stop_loss,14.54520399009969,0.8683204815960399,13.67688350850365,780.6050113056366
2026-04-11 23:30:00,2026-04-12 00:00:00,long,165,2285.94,2276.4025083127076,stop_loss,-15.736861284032557,3.011146055486387,-18.748007339518942,761.8570039661176
2026-04-12 00:30:00,2026-04-12 01:30:00,long,234,2283.0,2276.4025083127076,stop_loss,-15.438130548264226,4.267600747780694,-19.70573129604492,742.1512726700727
2026-04-12 02:30:00,2026-04-12 20:30:00,short,26,2223.23,2212.1853948127946,stop_loss,2.8715973486734128,0.46128320106053067,2.410314147612882,744.5615868176856
2026-04-14 02:30:00,2026-04-14 15:00:00,long,25,2369.01,2348.7390046792484,stop_loss,-5.067748830187952,0.4717749004679249,-5.539523730655877,739.0220630870297
2026-04-17 23:30:00,2026-04-18 08:00:00,long,54,2420.06,2392.5951493589273,stop_loss,-14.831019346179229,1.0395335122615283,-15.870552858440757,723.1515102285889
2026-04-19 09:30:00,2026-04-19 13:00:00,short,44,2313.71,2341.384047974768,stop_loss,-12.176581108897809,0.8192965524435593,-12.995877661341368,710.1556325672475
2026-04-22 15:30:00,2026-04-22 23:00:00,long,69,2397.99,2377.5058536282313,stop_loss,-14.134060996520247,1.318036855601392,-15.45209785212164,694.7035347151259
2026-04-22 23:30:00,2026-04-23 00:00:00,long,187,2385.03,2372.84,stop_loss,-22.795300000000104,3.55888676,-26.354186760000104,668.3493479551258
2026-04-23 20:30:00,2026-04-26 05:00:00,short,54,2317.73,2322.257072439353,stop_loss,-2.444619117250677,1.0022372076469004,-3.4468563248975777,664.9024916302283
2026-04-28 14:30:00,2026-04-28 18:30:00,short,42,2265.68,2296.729722818831,stop_loss,-13.040883583909027,0.7664848334335637,-13.807368417342591,651.0951232128857
2026-04-28 19:00:00,2026-04-28 19:30:00,short,283,2295.85,2296.729722818831,stop_loss,-2.4896155772915654,5.198800246230917,-7.688415823522482,643.4067073893632
2026-05-03 15:30:00,2026-05-03 21:30:00,long,61,2330.32,2313.7595418025517,stop_loss,-10.101879500443584,1.1331554081998227,-11.235034908643406,632.1716724807197
2026-05-07 18:30:00,2026-05-08 11:30:00,short,50,2298.86,2295.5611132676027,stop_loss,1.6494433661987387,0.9188842226535205,0.7305591435452181,632.9022316242649
2026-05-08 12:00:00,2026-05-08 12:30:00,short,275,2294.5,2295.5611132676027,stop_loss,-2.9180614859072875,5.0490672245943635,-7.967128710501651,624.9351029137632
2026-05-08 13:00:00,2026-05-08 17:00:00,short,106,2283.75,2295.5611132676027,stop_loss,-12.519780063658809,1.9416279120254636,-14.461407975684272,610.4736949380789
2026-05-12 11:30:00,2026-05-13 02:00:00,short,46,2282.61,2296.8224464449177,stop_loss,-6.537725364662065,0.8426155701458649,-7.38034093480793,603.093354003271
2026-05-15 22:30:00,2026-05-17 10:00:00,short,52,2220.2,2197.1041017691045,stop_loss,12.009867080065542,0.9187992531679737,11.091067826897568,614.1844218301685
2026-05-18 02:30:00,2026-05-18 11:30:00,short,30,2119.12,2139.054399385629,stop_loss,-5.980319815688745,0.5109809279262756,-6.49130074361502,607.6931210865534
2026-05-18 12:00:00,2026-05-18 12:30:00,short,284,2133.11,2144.04,stop_loss,-31.041199999999534,4.8588424,-35.900042399999535,571.7930786865539
2026-05-18 15:00:00,2026-05-18 21:00:00,short,29,2109.41,2131.6497758579676,stop_loss,-6.449534998810646,0.4919629339995243,-6.94149793281017,564.8515807537437
2026-05-23 02:30:00,2026-05-23 14:30:00,short,40,2065.81,2049.955304982215,stop_loss,6.341878007114064,0.6585224487971544,5.68335555831691,570.5349363120606
2026-05-23 20:30:00,2026-05-24 14:00:00,long,46,2075.95,2100.6558667961763,stop_loss,11.364698726241167,0.7684954794904965,10.59620324675067,581.1311395588112
2026-05-28 07:30:00,2026-05-28 16:30:00,short,43,1988.27,2010.5994789721506,stop_loss,-9.601675958024751,0.6878055503832099,-10.289481508407961,570.8416580504032
2026-06-01 09:30:00,2026-06-01 19:30:00,short,59,1986.0,2003.368378248303,stop_loss,-10.247343166498823,0.9414909372665995,-11.188834103765423,559.6528239466378
2026-06-02 09:30:00,2026-06-07 06:00:00,short,28,1968.64,1613.7297629374289,stop_loss,99.37486637751994,0.4012254134489921,98.97364096407094,658.6264649107087
2026-06-07 09:30:00,2026-06-08 05:30:00,long,33,1640.64,1644.8241742897912,stop_loss,1.3807775156310778,0.4336812710062524,0.9470962446248253,659.5735611553336
2026-06-09 00:30:00,2026-06-09 01:00:00,long,204,1674.52,1662.0500000000002,stop_loss,-25.438799999999592,2.7226411200000005,-28.161441119999594,631.4121200353339
